s3_img_path,user_id
s3://hariharan-project-data/Banking-and-Finance/Face-Recognition-KYC-Tool/Data/1/1_1.jpg,1
s3://hariharan-project-data/Banking-and-Finance/Face-Recognition-KYC-Tool/Data/1/1_2.jpg,1
s3://hariharan-project-data/Banking-and-Finance/Face-Recognition-KYC-Tool/Data/10/10_1.jpg,10
s3://hariharan-project-data/Banking-and-Finance/Face-Recognition-KYC-Tool/Data/10/10_2.jpg,10
s3://hariharan-project-data/Banking-and-Finance/Face-Recognition-KYC-Tool/Data/10/10_3.jpg,10
s3://hariharan-project-data/Banking-and-Finance/Face-Recognition-KYC-Tool/Data/10/10_4.jpg,10
s3://hariharan-project-data/Banking-and-Finance/Face-Recognition-KYC-Tool/Data/11/11_1.jpg,11
s3://hariharan-project-data/Banking-and-Finance/Face-Recognition-KYC-Tool/Data/11/11_2.jpg,11
s3://hariharan-project-data/Banking-and-Finance/Face-Recognition-KYC-Tool/Data/12/12_1.jpg,12
s3://hariharan-project-data/Banking-and-Finance/Face-Recognition-KYC-Tool/Data/12/12_2.jpg,12
s3://hariharan-project-data/Banking-and-Finance/Face-Recognition-KYC-Tool/Data/12/12_3.jpg,12
s3://hariharan-project-data/Banking-and-Finance/Face-Recognition-KYC-Tool/Data/13/13_1.jpg,13
s3://hariharan-project-data/Banking-and-Finance/Face-Recognition-KYC-Tool/Data/13/13_2.jpg,13
s3://hariharan-project-data/Banking-and-Finance/Face-Recognition-KYC-Tool/Data/13/13_3.jpg,13
s3://hariharan-project-data/Banking-and-Finance/Face-Recognition-KYC-Tool/Data/14/14_1.jpg,14
s3://hariharan-project-data/Banking-and-Finance/Face-Recognition-KYC-Tool/Data/14/14_2.jpg,14
s3://hariharan-project-data/Banking-and-Finance/Face-Recognition-KYC-Tool/Data/15/15_1.jpg,15
s3://hariharan-project-data/Banking-and-Finance/Face-Recognition-KYC-Tool/Data/15/15_2.jpg,15
s3://hariharan-project-data/Banking-and-Finance/Face-Recognition-KYC-Tool/Data/16/16_1.jpg,16
s3://hariharan-project-data/Banking-and-Finance/Face-Recognition-KYC-Tool/Data/16/16_2.jpg,16
s3://hariharan-project-data/Banking-and-Finance/Face-Recognition-KYC-Tool/Data/17/17_1.jpg,17
s3://hariharan-project-data/Banking-and-Finance/Face-Recognition-KYC-Tool/Data/17/17_10.jpg,17
s3://hariharan-project-data/Banking-and-Finance/Face-Recognition-KYC-Tool/Data/17/17_11.jpg,17
s3://hariharan-project-data/Banking-and-Finance/Face-Recognition-KYC-Tool/Data/17/17_12.jpg,17
s3://hariharan-project-data/Banking-and-Finance/Face-Recognition-KYC-Tool/Data/17/17_2.jpg,17
s3://hariharan-project-data/Banking-and-Finance/Face-Recognition-KYC-Tool/Data/17/17_3.jpg,17
s3://hariharan-project-data/Banking-and-Finance/Face-Recognition-KYC-Tool/Data/17/17_4.jpg,17
s3://hariharan-project-data/Banking-and-Finance/Face-Recognition-KYC-Tool/Data/17/17_5.jpg,17
s3://hariharan-project-data/Banking-and-Finance/Face-Recognition-KYC-Tool/Data/17/17_6.jpg,17
s3://hariharan-project-data/Banking-and-Finance/Face-Recognition-KYC-Tool/Data/17/17_7.jpg,17
s3://hariharan-project-data/Banking-and-Finance/Face-Recognition-KYC-Tool/Data/17/17_8.jpg,17
s3://hariharan-project-data/Banking-and-Finance/Face-Recognition-KYC-Tool/Data/17/17_9.jpg,17
s3://hariharan-project-data/Banking-and-Finance/Face-Recognition-KYC-Tool/Data/18/18_1.jpg,18
s3://hariharan-project-data/Banking-and-Finance/Face-Recognition-KYC-Tool/Data/18/18_2.jpg,18
s3://hariharan-project-data/Banking-and-Finance/Face-Recognition-KYC-Tool/Data/19/19_1.jpg,19
s3://hariharan-project-data/Banking-and-Finance/Face-Recognition-KYC-Tool/Data/19/19_2.jpg,19
s3://hariharan-project-data/Banking-and-Finance/Face-Recognition-KYC-Tool/Data/19/19_3.jpg,19
s3://hariharan-project-data/Banking-and-Finance/Face-Recognition-KYC-Tool/Data/19/19_4.jpg,19
s3://hariharan-project-data/Banking-and-Finance/Face-Recognition-KYC-Tool/Data/19/19_5.jpg,19
s3://hariharan-project-data/Banking-and-Finance/Face-Recognition-KYC-Tool/Data/2/2_1.jpg,2
s3://hariharan-project-data/Banking-and-Finance/Face-Recognition-KYC-Tool/Data/2/2_2.jpg,2
s3://hariharan-project-data/Banking-and-Finance/Face-Recognition-KYC-Tool/Data/20/20_1.jpg,20
s3://hariharan-project-data/Banking-and-Finance/Face-Recognition-KYC-Tool/Data/20/20_2.jpg,20
s3://hariharan-project-data/Banking-and-Finance/Face-Recognition-KYC-Tool/Data/21/21_1.jpg,21
s3://hariharan-project-data/Banking-and-Finance/Face-Recognition-KYC-Tool/Data/21/21_2.jpg,21
s3://hariharan-project-data/Banking-and-Finance/Face-Recognition-KYC-Tool/Data/21/21_3.jpg,21
s3://hariharan-project-data/Banking-and-Finance/Face-Recognition-KYC-Tool/Data/22/22_1.jpg,22
s3://hariharan-project-data/Banking-and-Finance/Face-Recognition-KYC-Tool/Data/22/22_2.jpg,22
s3://hariharan-project-data/Banking-and-Finance/Face-Recognition-KYC-Tool/Data/23/23_1.jpg,23
s3://hariharan-project-data/Banking-and-Finance/Face-Recognition-KYC-Tool/Data/23/23_2.jpg,23
s3://hariharan-project-data/Banking-and-Finance/Face-Recognition-KYC-Tool/Data/23/23_3.jpg,23
s3://hariharan-project-data/Banking-and-Finance/Face-Recognition-KYC-Tool/Data/23/23_4.jpg,23
s3://hariharan-project-data/Banking-and-Finance/Face-Recognition-KYC-Tool/Data/23/23_5.jpg,23
s3://hariharan-project-data/Banking-and-Finance/Face-Recognition-KYC-Tool/Data/24/24_1.jpg,24
s3://hariharan-project-data/Banking-and-Finance/Face-Recognition-KYC-Tool/Data/24/24_2.jpg,24
s3://hariharan-project-data/Banking-and-Finance/Face-Recognition-KYC-Tool/Data/24/24_3.jpg,24
s3://hariharan-project-data/Banking-and-Finance/Face-Recognition-KYC-Tool/Data/25/25_1.jpg,25
s3://hariharan-project-data/Banking-and-Finance/Face-Recognition-KYC-Tool/Data/25/25_2.jpg,25
s3://hariharan-project-data/Banking-and-Finance/Face-Recognition-KYC-Tool/Data/25/25_3.jpg,25
s3://hariharan-project-data/Banking-and-Finance/Face-Recognition-KYC-Tool/Data/26/26_1.jpg,26
s3://hariharan-project-data/Banking-and-Finance/Face-Recognition-KYC-Tool/Data/26/26_2.jpg,26
s3://hariharan-project-data/Banking-and-Finance/Face-Recognition-KYC-Tool/Data/27/27_1.jpg,27
s3://hariharan-project-data/Banking-and-Finance/Face-Recognition-KYC-Tool/Data/27/27_2.jpg,27
s3://hariharan-project-data/Banking-and-Finance/Face-Recognition-KYC-Tool/Data/27/27_3.jpg,27
s3://hariharan-project-data/Banking-and-Finance/Face-Recognition-KYC-Tool/Data/27/27_4.jpg,27
s3://hariharan-project-data/Banking-and-Finance/Face-Recognition-KYC-Tool/Data/27/27_5.jpg,27
s3://hariharan-project-data/Banking-and-Finance/Face-Recognition-KYC-Tool/Data/28/28_1.jpg,28
s3://hariharan-project-data/Banking-and-Finance/Face-Recognition-KYC-Tool/Data/28/28_2.jpg,28
s3://hariharan-project-data/Banking-and-Finance/Face-Recognition-KYC-Tool/Data/29/29_1.jpg,29
s3://hariharan-project-data/Banking-and-Finance/Face-Recognition-KYC-Tool/Data/29/29_2.jpg,29
s3://hariharan-project-data/Banking-and-Finance/Face-Recognition-KYC-Tool/Data/29/29_3.jpg,29
s3://hariharan-project-data/Banking-and-Finance/Face-Recognition-KYC-Tool/Data/29/29_4.jpg,29
s3://hariharan-project-data/Banking-and-Finance/Face-Recognition-KYC-Tool/Data/29/29_5.jpg,29
s3://hariharan-project-data/Banking-and-Finance/Face-Recognition-KYC-Tool/Data/3/3_1.jpg,3
s3://hariharan-project-data/Banking-and-Finance/Face-Recognition-KYC-Tool/Data/3/3_2.jpg,3
s3://hariharan-project-data/Banking-and-Finance/Face-Recognition-KYC-Tool/Data/3/3_3.jpg,3
s3://hariharan-project-data/Banking-and-Finance/Face-Recognition-KYC-Tool/Data/3/3_4.jpg,3
s3://hariharan-project-data/Banking-and-Finance/Face-Recognition-KYC-Tool/Data/30/30_1.jpg,30
s3://hariharan-project-data/Banking-and-Finance/Face-Recognition-KYC-Tool/Data/30/30_2.jpg,30
s3://hariharan-project-data/Banking-and-Finance/Face-Recognition-KYC-Tool/Data/31/31_1.jpg,31
s3://hariharan-project-data/Banking-and-Finance/Face-Recognition-KYC-Tool/Data/31/31_2.jpg,31
s3://hariharan-project-data/Banking-and-Finance/Face-Recognition-KYC-Tool/Data/32/32_1.jpg,32
s3://hariharan-project-data/Banking-and-Finance/Face-Recognition-KYC-Tool/Data/32/32_2.jpg,32
s3://hariharan-project-data/Banking-and-Finance/Face-Recognition-KYC-Tool/Data/32/32_3.jpg,32
s3://hariharan-project-data/Banking-and-Finance/Face-Recognition-KYC-Tool/Data/32/32_4.jpg,32
s3://hariharan-project-data/Banking-and-Finance/Face-Recognition-KYC-Tool/Data/32/32_5.jpg,32
s3://hariharan-project-data/Banking-and-Finance/Face-Recognition-KYC-Tool/Data/32/32_6.jpg,32
s3://hariharan-project-data/Banking-and-Finance/Face-Recognition-KYC-Tool/Data/33/33_1.jpg,33
s3://hariharan-project-data/Banking-and-Finance/Face-Recognition-KYC-Tool/Data/33/33_2.jpg,33
s3://hariharan-project-data/Banking-and-Finance/Face-Recognition-KYC-Tool/Data/34/34_1.jpg,34
s3://hariharan-project-data/Banking-and-Finance/Face-Recognition-KYC-Tool/Data/34/34_2.jpg,34
s3://hariharan-project-data/Banking-and-Finance/Face-Recognition-KYC-Tool/Data/35/35_1.jpg,35
s3://hariharan-project-data/Banking-and-Finance/Face-Recognition-KYC-Tool/Data/35/35_2.jpg,35
s3://hariharan-project-data/Banking-and-Finance/Face-Recognition-KYC-Tool/Data/35/35_3.jpg,35
s3://hariharan-project-data/Banking-and-Finance/Face-Recognition-KYC-Tool/Data/35/35_4.jpg,35
s3://hariharan-project-data/Banking-and-Finance/Face-Recognition-KYC-Tool/Data/36/36_1.jpg,36
s3://hariharan-project-data/Banking-and-Finance/Face-Recognition-KYC-Tool/Data/36/36_2.jpg,36
s3://hariharan-project-data/Banking-and-Finance/Face-Recognition-KYC-Tool/Data/37/37_1.jpg,37
s3://hariharan-project-data/Banking-and-Finance/Face-Recognition-KYC-Tool/Data/37/37_2.jpg,37
s3://hariharan-project-data/Banking-and-Finance/Face-Recognition-KYC-Tool/Data/37/37_3.jpg,37
s3://hariharan-project-data/Banking-and-Finance/Face-Recognition-KYC-Tool/Data/38/38_1.jpg,38
s3://hariharan-project-data/Banking-and-Finance/Face-Recognition-KYC-Tool/Data/38/38_10.jpg,38
s3://hariharan-project-data/Banking-and-Finance/Face-Recognition-KYC-Tool/Data/38/38_11.jpg,38
s3://hariharan-project-data/Banking-and-Finance/Face-Recognition-KYC-Tool/Data/38/38_12.jpg,38
s3://hariharan-project-data/Banking-and-Finance/Face-Recognition-KYC-Tool/Data/38/38_13.jpg,38
s3://hariharan-project-data/Banking-and-Finance/Face-Recognition-KYC-Tool/Data/38/38_14.jpg,38
s3://hariharan-project-data/Banking-and-Finance/Face-Recognition-KYC-Tool/Data/38/38_15.jpg,38
s3://hariharan-project-data/Banking-and-Finance/Face-Recognition-KYC-Tool/Data/38/38_16.jpg,38
s3://hariharan-project-data/Banking-and-Finance/Face-Recognition-KYC-Tool/Data/38/38_17.jpg,38
s3://hariharan-project-data/Banking-and-Finance/Face-Recognition-KYC-Tool/Data/38/38_18.jpg,38
s3://hariharan-project-data/Banking-and-Finance/Face-Recognition-KYC-Tool/Data/38/38_19.jpg,38
s3://hariharan-project-data/Banking-and-Finance/Face-Recognition-KYC-Tool/Data/38/38_2.jpg,38
s3://hariharan-project-data/Banking-and-Finance/Face-Recognition-KYC-Tool/Data/38/38_20.jpg,38
s3://hariharan-project-data/Banking-and-Finance/Face-Recognition-KYC-Tool/Data/38/38_21.jpg,38
s3://hariharan-project-data/Banking-and-Finance/Face-Recognition-KYC-Tool/Data/38/38_22.jpg,38
s3://hariharan-project-data/Banking-and-Finance/Face-Recognition-KYC-Tool/Data/38/38_23.jpg,38
s3://hariharan-project-data/Banking-and-Finance/Face-Recognition-KYC-Tool/Data/38/38_24.jpg,38
s3://hariharan-project-data/Banking-and-Finance/Face-Recognition-KYC-Tool/Data/38/38_25.jpg,38
s3://hariharan-project-data/Banking-and-Finance/Face-Recognition-KYC-Tool/Data/38/38_26.jpg,38
s3://hariharan-project-data/Banking-and-Finance/Face-Recognition-KYC-Tool/Data/38/38_27.jpg,38
s3://hariharan-project-data/Banking-and-Finance/Face-Recognition-KYC-Tool/Data/38/38_28.jpg,38
s3://hariharan-project-data/Banking-and-Finance/Face-Recognition-KYC-Tool/Data/38/38_29.jpg,38
s3://hariharan-project-data/Banking-and-Finance/Face-Recognition-KYC-Tool/Data/38/38_3.jpg,38
s3://hariharan-project-data/Banking-and-Finance/Face-Recognition-KYC-Tool/Data/38/38_30.jpg,38
s3://hariharan-project-data/Banking-and-Finance/Face-Recognition-KYC-Tool/Data/38/38_31.jpg,38
s3://hariharan-project-data/Banking-and-Finance/Face-Recognition-KYC-Tool/Data/38/38_32.jpg,38
s3://hariharan-project-data/Banking-and-Finance/Face-Recognition-KYC-Tool/Data/38/38_33.jpg,38
s3://hariharan-project-data/Banking-and-Finance/Face-Recognition-KYC-Tool/Data/38/38_34.jpg,38
s3://hariharan-project-data/Banking-and-Finance/Face-Recognition-KYC-Tool/Data/38/38_35.jpg,38
s3://hariharan-project-data/Banking-and-Finance/Face-Recognition-KYC-Tool/Data/38/38_36.jpg,38
s3://hariharan-project-data/Banking-and-Finance/Face-Recognition-KYC-Tool/Data/38/38_37.jpg,38
s3://hariharan-project-data/Banking-and-Finance/Face-Recognition-KYC-Tool/Data/38/38_38.jpg,38
s3://hariharan-project-data/Banking-and-Finance/Face-Recognition-KYC-Tool/Data/38/38_39.jpg,38
s3://hariharan-project-data/Banking-and-Finance/Face-Recognition-KYC-Tool/Data/38/38_4.jpg,38
s3://hariharan-project-data/Banking-and-Finance/Face-Recognition-KYC-Tool/Data/38/38_5.jpg,38
s3://hariharan-project-data/Banking-and-Finance/Face-Recognition-KYC-Tool/Data/38/38_6.jpg,38
s3://hariharan-project-data/Banking-and-Finance/Face-Recognition-KYC-Tool/Data/38/38_7.jpg,38
s3://hariharan-project-data/Banking-and-Finance/Face-Recognition-KYC-Tool/Data/38/38_8.jpg,38
s3://hariharan-project-data/Banking-and-Finance/Face-Recognition-KYC-Tool/Data/38/38_9.jpg,38
s3://hariharan-project-data/Banking-and-Finance/Face-Recognition-KYC-Tool/Data/39/39_1.jpg,39
s3://hariharan-project-data/Banking-and-Finance/Face-Recognition-KYC-Tool/Data/39/39_2.jpg,39
s3://hariharan-project-data/Banking-and-Finance/Face-Recognition-KYC-Tool/Data/39/39_3.jpg,39
s3://hariharan-project-data/Banking-and-Finance/Face-Recognition-KYC-Tool/Data/39/39_4.jpg,39
s3://hariharan-project-data/Banking-and-Finance/Face-Recognition-KYC-Tool/Data/4/4_1.jpg,4
s3://hariharan-project-data/Banking-and-Finance/Face-Recognition-KYC-Tool/Data/4/4_2.jpg,4
s3://hariharan-project-data/Banking-and-Finance/Face-Recognition-KYC-Tool/Data/4/4_3.jpg,4
s3://hariharan-project-data/Banking-and-Finance/Face-Recognition-KYC-Tool/Data/4/4_4.jpg,4
s3://hariharan-project-data/Banking-and-Finance/Face-Recognition-KYC-Tool/Data/40/40_1.jpg,40
s3://hariharan-project-data/Banking-and-Finance/Face-Recognition-KYC-Tool/Data/40/40_2.jpg,40
s3://hariharan-project-data/Banking-and-Finance/Face-Recognition-KYC-Tool/Data/40/40_3.jpg,40
s3://hariharan-project-data/Banking-and-Finance/Face-Recognition-KYC-Tool/Data/40/40_4.jpg,40
s3://hariharan-project-data/Banking-and-Finance/Face-Recognition-KYC-Tool/Data/41/41_1.jpg,41
s3://hariharan-project-data/Banking-and-Finance/Face-Recognition-KYC-Tool/Data/41/41_2.jpg,41
s3://hariharan-project-data/Banking-and-Finance/Face-Recognition-KYC-Tool/Data/41/41_3.jpg,41
s3://hariharan-project-data/Banking-and-Finance/Face-Recognition-KYC-Tool/Data/41/41_4.jpg,41
s3://hariharan-project-data/Banking-and-Finance/Face-Recognition-KYC-Tool/Data/42/42_1.jpg,42
s3://hariharan-project-data/Banking-and-Finance/Face-Recognition-KYC-Tool/Data/42/42_2.jpg,42
s3://hariharan-project-data/Banking-and-Finance/Face-Recognition-KYC-Tool/Data/43/43_1.jpg,43
s3://hariharan-project-data/Banking-and-Finance/Face-Recognition-KYC-Tool/Data/43/43_2.jpg,43
s3://hariharan-project-data/Banking-and-Finance/Face-Recognition-KYC-Tool/Data/43/43_3.jpg,43
s3://hariharan-project-data/Banking-and-Finance/Face-Recognition-KYC-Tool/Data/44/44_1.jpg,44
s3://hariharan-project-data/Banking-and-Finance/Face-Recognition-KYC-Tool/Data/44/44_2.jpg,44
s3://hariharan-project-data/Banking-and-Finance/Face-Recognition-KYC-Tool/Data/45/45_1.jpg,45
s3://hariharan-project-data/Banking-and-Finance/Face-Recognition-KYC-Tool/Data/45/45_2.jpg,45
s3://hariharan-project-data/Banking-and-Finance/Face-Recognition-KYC-Tool/Data/46/46_1.jpg,46
s3://hariharan-project-data/Banking-and-Finance/Face-Recognition-KYC-Tool/Data/46/46_2.jpg,46
s3://hariharan-project-data/Banking-and-Finance/Face-Recognition-KYC-Tool/Data/47/47_1.jpg,47
s3://hariharan-project-data/Banking-and-Finance/Face-Recognition-KYC-Tool/Data/47/47_2.jpg,47
s3://hariharan-project-data/Banking-and-Finance/Face-Recognition-KYC-Tool/Data/47/47_3.jpg,47
s3://hariharan-project-data/Banking-and-Finance/Face-Recognition-KYC-Tool/Data/48/48_1.jpg,48
s3://hariharan-project-data/Banking-and-Finance/Face-Recognition-KYC-Tool/Data/48/48_2.jpg,48
s3://hariharan-project-data/Banking-and-Finance/Face-Recognition-KYC-Tool/Data/49/49_1.jpg,49
s3://hariharan-project-data/Banking-and-Finance/Face-Recognition-KYC-Tool/Data/49/49_2.jpg,49
s3://hariharan-project-data/Banking-and-Finance/Face-Recognition-KYC-Tool/Data/5/5_1.jpg,5
s3://hariharan-project-data/Banking-and-Finance/Face-Recognition-KYC-Tool/Data/5/5_2.jpg,5
s3://hariharan-project-data/Banking-and-Finance/Face-Recognition-KYC-Tool/Data/5/5_3.jpg,5
s3://hariharan-project-data/Banking-and-Finance/Face-Recognition-KYC-Tool/Data/50/50_1.jpg,50
s3://hariharan-project-data/Banking-and-Finance/Face-Recognition-KYC-Tool/Data/50/50_2.jpg,50
s3://hariharan-project-data/Banking-and-Finance/Face-Recognition-KYC-Tool/Data/6/6_1.jpg,6
s3://hariharan-project-data/Banking-and-Finance/Face-Recognition-KYC-Tool/Data/6/6_10.jpg,6
s3://hariharan-project-data/Banking-and-Finance/Face-Recognition-KYC-Tool/Data/6/6_11.jpg,6
s3://hariharan-project-data/Banking-and-Finance/Face-Recognition-KYC-Tool/Data/6/6_12.jpg,6
s3://hariharan-project-data/Banking-and-Finance/Face-Recognition-KYC-Tool/Data/6/6_13.jpg,6
s3://hariharan-project-data/Banking-and-Finance/Face-Recognition-KYC-Tool/Data/6/6_14.jpg,6
s3://hariharan-project-data/Banking-and-Finance/Face-Recognition-KYC-Tool/Data/6/6_15.jpg,6
s3://hariharan-project-data/Banking-and-Finance/Face-Recognition-KYC-Tool/Data/6/6_16.jpg,6
s3://hariharan-project-data/Banking-and-Finance/Face-Recognition-KYC-Tool/Data/6/6_17.jpg,6
s3://hariharan-project-data/Banking-and-Finance/Face-Recognition-KYC-Tool/Data/6/6_18.jpg,6
s3://hariharan-project-data/Banking-and-Finance/Face-Recognition-KYC-Tool/Data/6/6_19.jpg,6
s3://hariharan-project-data/Banking-and-Finance/Face-Recognition-KYC-Tool/Data/6/6_2.jpg,6
s3://hariharan-project-data/Banking-and-Finance/Face-Recognition-KYC-Tool/Data/6/6_3.jpg,6
s3://hariharan-project-data/Banking-and-Finance/Face-Recognition-KYC-Tool/Data/6/6_4.jpg,6
s3://hariharan-project-data/Banking-and-Finance/Face-Recognition-KYC-Tool/Data/6/6_5.jpg,6
s3://hariharan-project-data/Banking-and-Finance/Face-Recognition-KYC-Tool/Data/6/6_6.jpg,6
s3://hariharan-project-data/Banking-and-Finance/Face-Recognition-KYC-Tool/Data/6/6_7.jpg,6
s3://hariharan-project-data/Banking-and-Finance/Face-Recognition-KYC-Tool/Data/6/6_8.jpg,6
s3://hariharan-project-data/Banking-and-Finance/Face-Recognition-KYC-Tool/Data/6/6_9.jpg,6
s3://hariharan-project-data/Banking-and-Finance/Face-Recognition-KYC-Tool/Data/7/7_1.jpg,7
s3://hariharan-project-data/Banking-and-Finance/Face-Recognition-KYC-Tool/Data/7/7_2.jpg,7
s3://hariharan-project-data/Banking-and-Finance/Face-Recognition-KYC-Tool/Data/8/8_1.jpg,8
s3://hariharan-project-data/Banking-and-Finance/Face-Recognition-KYC-Tool/Data/8/8_2.jpg,8
s3://hariharan-project-data/Banking-and-Finance/Face-Recognition-KYC-Tool/Data/8/8_3.jpg,8
s3://hariharan-project-data/Banking-and-Finance/Face-Recognition-KYC-Tool/Data/8/8_4.jpg,8
s3://hariharan-project-data/Banking-and-Finance/Face-Recognition-KYC-Tool/Data/9/9_1.jpg,9
s3://hariharan-project-data/Banking-and-Finance/Face-Recognition-KYC-Tool/Data/9/9_2.jpg,9
s3://hariharan-project-data/Banking-and-Finance/Face-Recognition-KYC-Tool/Data/9/9_3.jpg,9
